SCHOOL ID,SCHOOL NAME,CD,DISTRICT,SCHOOL EMAIL,,,,
501823,San Juan Integrated School,I,Aliaga,501823@deped.gov.ph,,,,
105171,Aliaga Central School,I,Aliaga,105171@deped.gov.ph,,,,
105172,Betes Elementary School,I,Aliaga,105172@deped.gov.ph,,,,
105173,Bibiclat Elementary School,I,Aliaga,105173@deped.gov.ph,,,,
105174,Bucot Elementary School,I,Aliaga,105174@deped.gov.ph,,,,
105179,Don Benigno Carriedo Elementary School,I,Aliaga,105179@deped.gov.ph,,,,
105175,Don Emiliano Soriano Elementary School,I,Aliaga,105175@deped.gov.ph,,,,
105176,Doña Elena L. Soriano Elementary School,I,Aliaga,105176@deped.gov.ph,,,,
105177,Gaudencio Medina Elementary School,I,Aliaga,105177@deped.gov.ph,,,,
105180,Gaudencio Medina Pantoc Elementary School,I,Aliaga,105180@deped.gov.ph,,,,
105178,La Purisima Elementary School,I,Aliaga,105178@deped.gov.ph,,,,
105181,San Carlos Elementary School,I,Aliaga,105181@deped.gov.ph,,,,
105182,San Emiliano Elementary School,I,Aliaga,105182@deped.gov.ph,,,,
105183,San Eustacio Elementary School,I,Aliaga,105183@deped.gov.ph,,,,
105184,San Felipe Elementary School,I,Aliaga,105184@deped.gov.ph,,,,
105186,San Pablo (B) Elementary School,I,Aliaga,105186@deped.gov.ph,,,,
105187,San Pablo (M) Elementary School,I,Aliaga,105187@deped.gov.ph,,,,
105188,Santiago Elementary School,I,Aliaga,105188@deped.gov.ph,,,,
105189,Sta. Monica Elementary School,I,Aliaga,105189@deped.gov.ph,,,,
105190,Sto. Rosario Elementary School,I,Aliaga,105190@deped.gov.ph,,,,
105191,Sto. Tomas Elementary School,I,Aliaga,105191@deped.gov.ph,,,,
105192,Sunson Elementary School,I,Aliaga,105192@deped.gov.ph,,,,
105193,Umangan Elementary School,I,Aliaga,105193@deped.gov.ph,,,,
501823,San Juan Integrated School,I,Aliaga,501823@deped.gov.ph,,,,
300783,Aliaga National High School,I,Aliaga,300783@deped.gov.ph,,,,
300839,Restituto B. Peria High School,I,Aliaga,300839@deped.gov.ph,,,,
306807,San Carlos High School,I,Aliaga,306807@deped.gov.ph,,,,
306811,Umangan National High School,I,Aliaga,306811@deped.gov.ph,,,,
300860,"Vicente R. Bumanlag, Sr. National High School",I,Aliaga,300860@deped.gov.ph,,,,
306379,Aliaga Senior High School,I,Aliaga,306379@deped.gov.ph,,,,
300839,Restituto B. Peria High School,I,Aliaga,300839@deped.gov.ph,,,,
306807,San Carlos High School,I,Aliaga,306807@deped.gov.ph,,,,
306811,Umangan National High School,I,Aliaga,306811@deped.gov.ph,,,,
300860,"Vicente R. Bumanlag, Sr. National High School",I,Aliaga,300860@deped.gov.ph,,,,
,Aliaga District Office,I,Aliaga,,,,,
105194,Antipolo Elementary School,III,Bongabon,105194@deped.gov.ph,,,,
105195,Ariendo Elementary School,III,Bongabon,105195@deped.gov.ph,,,,
105196,Bantug Elem. School,III,Bongabon,105196@deped.gov.ph,,,,
105197,Bongabon Central School,III,Bongabon,105197@deped.gov.ph,,,,
105200,Calaanan Elementary School,III,Bongabon,105200@deped.gov.ph,,,,
105201,Camp Martyr Elementary School,III,Bongabon,105201@deped.gov.ph,,,,
105202,Cruz Elementary School,III,Bongabon,105202@deped.gov.ph,,,,
105207,E. Gotangco Elementary School (Larcon ES),III,Bongabon,105207@deped.gov.ph,,,,
105204,E. Pesa Elementary School,III,Bongabon,105204@deped.gov.ph,,,,
159028,Hiniero Elementary School,III,Bongabon,159028@deped.gov.ph,,,,
105205,J. Tomacruz Elementary School,III,Bongabon,105205@deped.gov.ph,,,,
105203,Jaime L. Gamilla Elementary School (Digmala ES),III,Bongabon,105203@deped.gov.ph,,,,
105198,Jesus C. Ilagan Elementary School (Bongabon East ES),III,Bongabon,105198@deped.gov.ph,,,,
105206,Labi Elementary School,III,Bongabon,105206@deped.gov.ph,,,,
105208,Lusok Elementary School,III,Bongabon,105208@deped.gov.ph,,,,
105209,Macabaclay Elementary School,III,Bongabon,105209@deped.gov.ph,,,,
105210,Olivete Elementary School,III,Bongabon,105210@deped.gov.ph,,,,
105211,R. Vijandre Elementary School,III,Bongabon,105211@deped.gov.ph,,,,
159017,Rita De Lara Elementary School,III,Bongabon,159017@deped.gov.ph,,,,
105199,Rosa A. Ilagan Elementary School (Bongabon North ES),III,Bongabon,105199@deped.gov.ph,,,,
105212,Santor Elementary School,III,Bongabon,105212@deped.gov.ph,,,,
159020,Tamale Elementary School (Jaime L. Gamilla ES Annex),III,Bongabon,159020@deped.gov.ph,,,,
105213,Vega Elementary School,III,Bongabon,105213@deped.gov.ph,,,,
300816,Macabaclay National High School,III,Bongabon,300816@deped.gov.ph,,,,
306813,Vega National High School,III,Bongabon,306813@deped.gov.ph,,,,
300790,Bongabon National High School,III,Bongabon,300790@deped.gov.ph,,,,
305810,Santor National High School,III,Bongabon,305810@deped.gov.ph,,,,
300816,Macabaclay National High School,III,Bongabon,300816@deped.gov.ph,,,,
306813,Vega National High School,III,Bongabon,306813@deped.gov.ph,,,,
305833,Bongabon Senior High School,III,Bongabon,305833@deped.gov.ph,,,,
,Bongabon District Office,III,Bongabon,,,,,
300826,Nueva Ecija High School,III,Cabanatuan City,300826@deped.gov.ph,,,,
,Cabanatuan District Office,III,Cabanatuan City,,,,,
305871,NEHS Senior High School,III,Cabanatuan City,305871@deped.gov.ph,,,,
105214,Bagong Sikat Elementary School,IV,Cabiao,105214@deped.gov.ph,,,,
105215,Bagong Silang Elementary School,IV,Cabiao,105215@deped.gov.ph,,,,
105216,Cabiao Central School,IV,Cabiao,105216@deped.gov.ph,,,,
105217,Concepcion Elementary School,IV,Cabiao,105217@deped.gov.ph,,,,
105218,Entablado Elementary School,IV,Cabiao,105218@deped.gov.ph,,,,
105231,Jose Rico Cruz Elementary School (Sta. Ines ES),IV,Cabiao,105231@deped.gov.ph,,,,
105219,Maligaya Elementary School,IV,Cabiao,105219@deped.gov.ph,,,,
105220,Palasinan Elementary School,IV,Cabiao,105220@deped.gov.ph,,,,
105221,Polilio Elementary School,IV,Cabiao,105221@deped.gov.ph,,,,
105222,San Antonio-Bagong Buhay Elementary School,IV,Cabiao,105222@deped.gov.ph,,,,
105223,San Carlos Elementary School,IV,Cabiao,105223@deped.gov.ph,,,,
105224,San Fernando Norte Elementary School,IV,Cabiao,105224@deped.gov.ph,,,,
105225,San Fernando Sur Elem. School,IV,Cabiao,105225@deped.gov.ph,,,,
105226,San Gregorio Elementary School,IV,Cabiao,105226@deped.gov.ph,,,,
105227,San Roque Elementary School,IV,Cabiao,105227@deped.gov.ph,,,,
105228,San Vicente Elementary School,IV,Cabiao,105228@deped.gov.ph,,,,
105229,Sinipit Elementary School,IV,Cabiao,105229@deped.gov.ph,,,,
105230,St. Joseph Elementary School,IV,Cabiao,105230@deped.gov.ph,,,,
105232,Sta. Isabel Elementary School,IV,Cabiao,105232@deped.gov.ph,,,,
105233,Sta. Rita Elementary School,IV,Cabiao,105233@deped.gov.ph,,,,
137212,Enrique P. Rivera Jr. Elementary School,IV,Cabiao,137212@deped.gov.ph,,,,
300517,Gregorio T. Crespo Memorial High School,IV,Cabiao,300517@deped.gov.ph,,,,
306823,Manuel V. Gallego High School,IV,Cabiao,306823@deped.gov.ph,,,,
305811,St. Joseph National High School,IV,Cabiao,305811@deped.gov.ph,,,,
300856,Sta. Rita National High School,IV,Cabiao,300856@deped.gov.ph,,,,
300792,Cabiao National High School,IV,Cabiao,300792@deped.gov.ph,,,,
306049,Gen. Mariano N. Llanera High School,IV,Cabiao,306049@deped.gov.ph,,,,
300517,Gregorio T. Crespo Memorial High School,IV,Cabiao,300517@deped.gov.ph,,,,
306823,Manuel V. Gallego High School,IV,Cabiao,306823@deped.gov.ph,,,,
305811,St. Joseph National High School,IV,Cabiao,305811@deped.gov.ph,,,,
300856,Sta. Rita National High School,IV,Cabiao,300856@deped.gov.ph,,,,
305872,Cabiao Senior High School,IV,Cabiao,305872@deped.gov.ph,,,,
,Cabiao District Office,IV,Cabiao,,,,,
501242,Binbin Integrated School,II,Carranglan,501242@deped.gov.ph,,,,
500121,Bunga Integrated High School,II,Carranglan,500121@deped.gov.ph,,,,
500120,Gen. Luna Integrated School (Gen. Luna ES),II,Carranglan,500120@deped.gov.ph,,,,
502392,Nagcancionan Integrated School,II,Carranglan,502392@deped.gov.ph,,,,
502391,Puncan Integrated School,II,Carranglan,502391@deped.gov.ph,,,,
105234,Abebeg Elementary School,II,Carranglan,105234@deped.gov.ph,,,,
105235,Baluarte Elementary School,II,Carranglan,105235@deped.gov.ph,,,,
105236,Bantug Elementary School,II,Carranglan,105236@deped.gov.ph,,,,
105239,Burgos Elementary School,II,Carranglan,105239@deped.gov.ph,,,,
105240,Camanggahan Elementary School,II,Carranglan,105240@deped.gov.ph,,,,
105241,Capintalan Elementary School,II,Carranglan,105241@deped.gov.ph,,,,
105242,Carranglan Central School,II,Carranglan,105242@deped.gov.ph,,,,
105243,Daldalayap Elementary School,II,Carranglan,105243@deped.gov.ph,,,,
105244,Digdig-Joson Elementary School,II,Carranglan,105244@deped.gov.ph,,,,
105246,Maringalo Elementary School (Proper),II,Carranglan,105246@deped.gov.ph,,,,
105248,Minuli Elementary School,II,Carranglan,105248@deped.gov.ph,,,,
105249,Obito Elementary School,II,Carranglan,105249@deped.gov.ph,,,,
105250,Piut Elementary School,II,Carranglan,105250@deped.gov.ph,,,,
105252,Putlan Elementary School,II,Carranglan,105252@deped.gov.ph,,,,
105247,Red Cross Village Elementary School,II,Carranglan,105247@deped.gov.ph,,,,
502832,Salazar Integrated School,II,Carranglan,502832@deped.gov.ph,,,,
105254,San Agustin Elementary School,II,Carranglan,105254@deped.gov.ph,,,,
501242,Binbin Integrated School,II,Carranglan,501242@deped.gov.ph,,,,
500121,Bunga Integrated High School,II,Carranglan,500121@deped.gov.ph,,,,
500120,Gen. Luna Integrated School,II,Carranglan,500120@deped.gov.ph,,,,
502392,Nagcancionan Integrated School,II,Carranglan,502392@deped.gov.ph,,,,
502391,Puncan Integrated School,II,Carranglan,502391@deped.gov.ph,,,,
306804,Burgos National High School,II,Carranglan,306804@deped.gov.ph,,,,
300798,Capintalan National High School,II,Carranglan,300798@deped.gov.ph,,,,
300797,Carranglan National High School,II,Carranglan,300797@deped.gov.ph,,,,
300799,Digdig High School,II,Carranglan,300799@deped.gov.ph,,,,
502832,Salazar Integrated School,II,Carranglan,502832@deped.gov.ph,,,,
306804,Burgos National High School,II,Carranglan,306804@deped.gov.ph,,,,
300798,Capintalan National High School,II,Carranglan,300798@deped.gov.ph,,,,
300797,Carranglan National High School,II,Carranglan,300797@deped.gov.ph,,,,
300799,Digdig High School,II,Carranglan,300799@deped.gov.ph,,,,
500121,Bunga Integrated High School,II,Carranglan,500121@deped.gov.ph,,,,
500120,Gen. Luna Integrated High School,II,Carranglan,500120@deped.gov.ph,,,,
501242,Binbiin Integrated School,II,Carranglan,501242@deped.gov.ph,,,,
,Carangalan District Office,II,Carranglan,,,,,
105255,Baloy Elementary School,I,Cuyapo East,,,,,
105256,Bambanaba Elementary School,I,Cuyapo East,105256@deped.gov.ph,,,,
105258,Bibiclat Elementary School,I,Cuyapo East,105258@deped.gov.ph,,,,
105259,Bonifacio Elementary School,I,Cuyapo East,105259@deped.gov.ph,,,,
105261,Burgos Elementary School,I,Cuyapo East,105261@deped.gov.ph,,,,
105262,Cabatuan Elementary School,I,Cuyapo East,105262@deped.gov.ph,,,,
105263,Cabileo Elementary School,I,Cuyapo East,105263@deped.gov.ph,,,,
128367,Cacapasan Elementary School,I,Cuyapo East,128367@deped.gov.ph,,,,
105266,Colosboa Primary School,I,Cuyapo East,105266@deped.gov.ph,,,,
105267,Columbitin Elementry School,I,Cuyapo East,105267@deped.gov.ph,,,,
105268,Curva Elementary School,I,Cuyapo East,105268@deped.gov.ph,,,,
105290,Cuyapo East Central School,I,Cuyapo East,105290@deped.gov.ph,,,,
105278,Malineng Elementary School,I,Cuyapo East,105278@deped.gov.ph,,,,
105296,Manuel Tiaoqui Elementary School (Formerly Tagtagumbao PS),I,Cuyapo East,105296@deped.gov.ph,,,,
105279,Matindeg Elementary School,I,Cuyapo East,105279@deped.gov.ph,,,,
105281,Nagcuralan Elementary School,I,Cuyapo East,105281@deped.gov.ph,,,,
105282,Nagmisahan Elementary School,I,Cuyapo East,105282@deped.gov.ph,,,,
105283,Paitan Norte Elementary School,I,Cuyapo East,105283@deped.gov.ph,,,,
105284,Paitan Sur Elementary School,I,Cuyapo East,105284@deped.gov.ph,,,,
105287,Rizal Elementary School,I,Cuyapo East,105287@deped.gov.ph,,,,
105292,San Juan Elementary School,I,Cuyapo East,105292@deped.gov.ph,,,,
105294,Sta. Clara Elementary School,I,Cuyapo East,105294@deped.gov.ph,,,,
105295,Sta. Cruz Elementary School,I,Cuyapo East,105295@deped.gov.ph,,,,
300786,Baloy High School,I,Cuyapo East,300786@deped.gov.ph,,,,
300803,Dr. Ramon De Santos National High School,I,Cuyapo East,300803@deped.gov.ph,,,,
300827,Paitan Sur National High School,I,Cuyapo East,300827@deped.gov.ph,,,,
300786,Baloy High School,I,Cuyapo East,300786@deped.gov.ph,,,,
300803,Dr. Ramon De Santos National High School,I,Cuyapo East,300803@deped.gov.ph,,,,
300827,Paitan Sur National High School,I,Cuyapo East,300827@deped.gov.ph,,,,
502390,Villaflores Integrated School,I,Cuyapo West,502390@deped.gov.ph,,,,
105257,Bentigan Elementary School,I,Cuyapo West,105257@deped.gov.ph,,,,
105260,Bued Elementary School,I,Cuyapo West,105260@deped.gov.ph,,,,
105280,C.B. Tejero Elementary School,I,Cuyapo West,105280@deped.gov.ph,,,,
105264,Calancuasan Norte Elementary School,I,Cuyapo West,105264@deped.gov.ph,,,,
105265,Calancuasan Sur Elementary School,I,Cuyapo West,105265@deped.gov.ph,,,,
105269,Cuyapo West Central School,I,Cuyapo West,105269@deped.gov.ph,,,,
105270,Democrito M. Jose Elementary School,I,Cuyapo West,105270@deped.gov.ph,,,,
105271,Dona Consuelo Elementary School,I,Cuyapo West,105271@deped.gov.ph,,,,
105272,Doroteo R. Jose Elementary School,I,Cuyapo West,105272@deped.gov.ph,,,,
105273,Dr. A. Ongsiako Sr. Elementary School,I,Cuyapo West,105273@deped.gov.ph,,,,
105274,E. Abalos Primary School,I,Cuyapo West,105274@deped.gov.ph,,,,
105275,Loob Elementary School,I,Cuyapo West,105275@deped.gov.ph,,,,
105276,Luna Elementary School,I,Cuyapo West,105276@deped.gov.ph,,,,
105277,Malbeg Primary School,I,Cuyapo West,105277@deped.gov.ph,,,,
105285,Piglisan Elementary School,I,Cuyapo West,105285@deped.gov.ph,,,,
105286,Pugo Primary School,I,Cuyapo West,105286@deped.gov.ph,,,,
105288,Sabit Elementary School,I,Cuyapo West,105288@deped.gov.ph,,,,
105289,Salagusog Elementary School,I,Cuyapo West,105289@deped.gov.ph,,,,
105291,San Jose Elementary School,I,Cuyapo West,105291@deped.gov.ph,,,,
105293,Simimbaan Elementary School,I,Cuyapo West,105293@deped.gov.ph,,,,
102318,Tutuloy Elementary School,I,Cuyapo West,102318@deped.gov.ph,,,,
502390,Villaflores Integrated School,I,Cuyapo West,502390@deped.gov.ph,,,,
306824,Calancuasan National High School,I,Cuyapo West,306824@deped.gov.ph,,,,
300801,Cuyapo National High School,I,Cuyapo West,300801@deped.gov.ph,,,,
300842,Salagusog National High School,I,Cuyapo West,300842@deped.gov.ph,,,,
305813,Bued-Luna High School,I,Cuyapo West,305813@deped.gov.ph,,,,
305948,Simimbaan High School,I,Cuyapo West,305948@deped.gov.ph,,,,
306824,Calancuasan National High School,I,Cuyapo West,306824@deped.gov.ph,,,,
300801,Cuyapo National High School,I,Cuyapo West,300801@deped.gov.ph,,,,
300842,Salagusog National High School,I,Cuyapo West,300842@deped.gov.ph,,,,
,Cuyapo West District Office,I,Cuyapo West,300842@deped.gov.ph,,,,
,Cuyapo East District Office,I,Cuyapo East,300842@deped.gov.ph,,,,
501812,Bagong Sikat Integrated School,III,Gabaldon,501812@deped.gov.ph,,,,
105299,Bagting Elementary School,III,Gabaldon,105299@deped.gov.ph,,,,
105300,Bantug Elementary School,III,Gabaldon,105300@deped.gov.ph,,,,
105301,Bateria Elementary School,III,Gabaldon,105301@deped.gov.ph,,,,
105302,Bugnan Elementary School,III,Gabaldon,105302@deped.gov.ph,,,,
105303,Calabasa Elementary School,III,Gabaldon,105303@deped.gov.ph,,,,
105304,Camatchile Elementay School,III,Gabaldon,105304@deped.gov.ph,,,,
137198,Carugang Elementary School,III,Gabaldon,137198@deped.gov.ph,,,,
105305,Cuyapa Elementary School,III,Gabaldon,105305@deped.gov.ph,,,,
159029,Dupinga Elementary School,III,Gabaldon,159029@deped.gov.ph,,,,
105306,F. Buencamino Sr. Integrated School (F. Buencamino Sr. ES),III,Gabaldon,105306@deped.gov.ph,,,,
105307,Gabaldon Central School,III,Gabaldon,105307@deped.gov.ph,,,,
105308,Gabaldon South Elementary School,III,Gabaldon,105308@deped.gov.ph,,,,
159018,Gawad Kalinga Elementary School(Tagumpay ES Annex),III,Gabaldon,159018@deped.gov.ph,,,,
105309,Ligaya Elementary School,III,Gabaldon,105309@deped.gov.ph,,,,
159005,Mabaldog Elementary School (IP School),III,Gabaldon,159005@deped.gov.ph,,,,
105310,Malinao Elementary School,III,Gabaldon,105310@deped.gov.ph,,,,
159004,Pagsangjan Elementary School,III,Gabaldon,159004@deped.gov.ph,,,,
105311,Pantoc Elementary School,III,Gabaldon,105311@deped.gov.ph,,,,
105312,Pinamalisan Elementary School,III,Gabaldon,105312@deped.gov.ph,,,,
128986,Pindangan Indigenous Peoples Elementary School,III,Gabaldon,128986@deped.gov.ph,,,,
105313,Tagumpay Elementary School,III,Gabaldon,105313@deped.gov.ph,,,,
501812,Bagong Sikat Integrated School,III,Gabaldon,501812@deped.gov.ph,,,,
305812,Bagting National High School,III,Gabaldon,305812@deped.gov.ph,,,,
306287,F. Buencamino Sr. Integrated School,III,Gabaldon,306287@deped.gov.ph,,,,
300805,Gabaldon Voc'L. Agric. High School,III,Gabaldon,300805@deped.gov.ph,,,,
306814,Ligaya National High School,III,Gabaldon,306814@deped.gov.ph,,,,
305812,Bagting National High School,III,Gabaldon,305812@deped.gov.ph,,,,
306287,F. Buencamino Sr. Integrated School,III,Gabaldon,306287@deped.gov.ph,,,,
300805,Gabaldon Voc'L. Agric. High School,III,Gabaldon,300805@deped.gov.ph,,,,
306814,Ligaya National High School,III,Gabaldon,306814@deped.gov.ph,,,,
,Gabaldon District Office,III,Gabaldon,,,,,
501167,Azarcon Integrated School,III,Gen. M. Natividad,501167@deped.gov.ph,,,,
501168,Virginia D. Dulay Integrated School,III,Gen. M. Natividad,501168@deped.gov.ph,,,,
105359,Apolinario Santiago Elementary School,III,Gen. M. Natividad,105359@deped.gov.ph,,,,
105347,Balangkare Elementary School,III,Gen. M. Natividad,105347@deped.gov.ph,,,,
105348,Belen Elementary School,III,Gen. M. Natividad,105348@deped.gov.ph,,,,
105349,Bravo Elementary School,III,Gen. M. Natividad,105349@deped.gov.ph,,,,
105350,Burol Elementary School,III,Gen. M. Natividad,105350@deped.gov.ph,,,,
105351,Virginia T. Custodio ES (E.L. Joson Elementary School),III,Gen. M. Natividad,105351@deped.gov.ph,,,,
105352,General M. Natividad Central School,III,Gen. M. Natividad,105352@deped.gov.ph,,,,
105353,Kabulihan Elementary School,III,Gen. M. Natividad,105353@deped.gov.ph,,,,
105354,Mag-Asawang Sampaloc Elementary School,III,Gen. M. Natividad,105354@deped.gov.ph,,,,
105355,Manarog Elementary School,III,Gen. M. Natividad,105355@deped.gov.ph,,,,
105356,Mataas Na Kahoy Elementary School,III,Gen. M. Natividad,105356@deped.gov.ph,,,,
105357,Panacsac Elementary School,III,Gen. M. Natividad,105357@deped.gov.ph,,,,
105358,Picaleon Elementary School,III,Gen. M. Natividad,105358@deped.gov.ph,,,,
105360,Platero Elementary School,III,Gen. M. Natividad,105360@deped.gov.ph,,,,
105361,Pulong Singkamas Elementary School,III,Gen. M. Natividad,105361@deped.gov.ph,,,,
105363,Talabutab Norte Elementary School,III,Gen. M. Natividad,105363@deped.gov.ph,,,,
105364,Talabutab Sur Elementary School,III,Gen. M. Natividad,105364@deped.gov.ph,,,,
501167,Azarcon Integrated School,III,Gen. M. Natividad,501167@deped.gov.ph,,,,
501168,Virginia D. Dulay Integrated School,III,Gen. M. Natividad,501168@deped.gov.ph,,,,
300863,Eduardo L. Joson Memorial High School,III,Gen. M. Natividad,300863@deped.gov.ph,,,,
300862,Gen. Mamerto Natividad National High School,III,Gen. M. Natividad,300862@deped.gov.ph,,,,
300823,Mataas Na Kahoy National High School,III,Gen. M. Natividad,300823@deped.gov.ph,,,,
300861,Talabutab Norte National High School,III,Gen. M. Natividad,300861@deped.gov.ph,,,,
300863,Eduardo L. Joson Memorial High School,III,Gen. M. Natividad,300863@deped.gov.ph,,,,
300862,Gen. Mamerto Natividad National High School,III,Gen. M. Natividad,300862@deped.gov.ph,,,,
300823,Mataas Na Kahoy National High School,III,Gen. M. Natividad,300823@deped.gov.ph,,,,
300861,Talabutab Norte National High School,III,Gen. M. Natividad,300861@deped.gov.ph,,,,
,Gen. M. Natividad District Office,III,Gen. M. Natividad,,,,,
501811,Irenea Integrated School,IV,General Tinio,501811@deped.gov.ph,,,,
105365,Bago Elementary School,IV,General Tinio,105365@deped.gov.ph,,,,
128721,Bulak Elementary School,IV,General Tinio,128721@deped.gov.ph,,,,
159014,Gawad Kalinga Comm. Elementary School (Pahalang ES),IV,General Tinio,159014@deped.gov.ph,,,,
105366,Gen. Tinio Central School,IV,General Tinio,105366@deped.gov.ph,,,,
105367,Gen. Tinio East Central School,IV,General Tinio,105367@deped.gov.ph,,,,
105368,Gen. Tinio West Central School,IV,General Tinio,105368@deped.gov.ph,,,,
159024,Green Land Elementary School,IV,General Tinio,159024@deped.gov.ph,,,,
159009,Mapedya Elementary School,IV,General Tinio,159009@deped.gov.ph,,,,
159019,Minalungao Elementary School,IV,General Tinio,159019@deped.gov.ph,,,,
105369,Nazareth Elementary School,IV,General Tinio,105369@deped.gov.ph,,,,
105370,Padolina Elementary School,IV,General Tinio,105370@deped.gov.ph,,,,
105588,Palale Elementary School,IV,General Tinio,105588@deped.gov.ph,,,,
105371,Patindig-Araw Elementary School,IV,General Tinio,105371@deped.gov.ph,,,,
105372,Pias Elementary School,IV,General Tinio,105372@deped.gov.ph,,,,
105373,Rio Chico Elementary School,IV,General Tinio,105373@deped.gov.ph,,,,
105374,Sibug Elementary School,IV,General Tinio,105374@deped.gov.ph,,,,
501811,Irenea Integrated School,IV,General Tinio,501811@deped.gov.ph,,,,
300808,General Tinio National High School,IV,General Tinio,300808@deped.gov.ph,,,,
306809,Leonor M. Bautista High School,IV,General Tinio,306809@deped.gov.ph,,,,
300785,Lino P. Bernardo National High School,IV,General Tinio,300785@deped.gov.ph,,,,
305588,Pagtalunan High School,IV,General Tinio,305588@deped.gov.ph,,,,
305569,Palale High School,IV,General Tinio,305569@deped.gov.ph,,,,
300840,Rio Chico National High School,IV,General Tinio,300840@deped.gov.ph,,,,
306436,General Tinio Senior High School,IV,General Tinio,306436@deped.gov.ph,,,,
306809,Leonor M. Bautista High School,IV,General Tinio,306809@deped.gov.ph,,,,
300785,Lino P. Bernardo National High School,IV,General Tinio,300785@deped.gov.ph,,,,
305588,Pagtalunan High School,IV,General Tinio,305588@deped.gov.ph,,,,
305569,Palale High School,IV,General Tinio,305569@deped.gov.ph,,,,
300840,Rio Chico National High School,IV,General Tinio,300840@deped.gov.ph,,,,
,General Tinio District Office,IV,General Tinio,,,,,
501840,Bunol Integrated School,I,Guimba East,501840@deped.gov.ph,,,,
501816,San Bernardino Integrated School,I,Guimba East,501816@deped.gov.ph,,,,
137114,Ayos Lomboy Elementary School,I,Guimba East,137114@deped.gov.ph,,,,
105375,Bantug Elementary School,I,Guimba East,105375@deped.gov.ph,,,,
105377,Caballero Elementary School,I,Guimba East,105377@deped.gov.ph,,,,
105378,Cabaruan Elementary School,I,Guimba East,105378@deped.gov.ph,,,,
105379,Camiing Elementary School,I,Guimba East,105379@deped.gov.ph,,,,
105380,Cavite Elementary School,I,Guimba East,105380@deped.gov.ph,,,,
105381,Cawayang Bugtong Elementary School,I,Guimba East,105381@deped.gov.ph,,,,
105382,Consuelo Elementary School,I,Guimba East,105382@deped.gov.ph,,,,
105383,Culong Elementary School,I,Guimba East,105383@deped.gov.ph,,,,
105385,Don Pedro D. Corpus Elementary School,I,Guimba East,105385@deped.gov.ph,,,,
105386,Faigal Elementary School,I,Guimba East,105386@deped.gov.ph,,,,
105387,Guimba East Central School,I,Guimba East,105387@deped.gov.ph,,,,
105388,Guiset Elementary School,I,Guimba East,105388@deped.gov.ph,,,,
105389,Manacsac Elementary School,I,Guimba East,105389@deped.gov.ph,,,,
105390,Maturanoc Elementary School,I,Guimba East,105390@deped.gov.ph,,,,
105391,Naglabrahan Elementary School,I,Guimba East,105391@deped.gov.ph,,,,
105392,Nagpandayan Elementary School,I,Guimba East,105392@deped.gov.ph,,,,
105393,San Andres Elementary School,I,Guimba East,105393@deped.gov.ph,,,,
502805,San Marcelino Integrated School,I,Guimba East,502805@deped.gov.ph,,,,
105396,San Roque Elementary School,I,Guimba East,105396@deped.gov.ph,,,,
105397,Sinulatan Elementary School,I,Guimba East,105397@deped.gov.ph,,,,
502881,Sta. Ana Integrated School,I,Guimba East,502881@deped.gov.ph,,,,
105399,Sta. Cruz Elementary School,I,Guimba East,105399@deped.gov.ph,,,,
137169,Sta. Lucia Primary School,I,Guimba East,137169@deped.gov.ph,,,,
105403,Triala Elementary School,I,Guimba East,105403@deped.gov.ph,,,,
501840,Bunol Integrated School,I,Guimba East,501840@deped.gov.ph,,,,
501816,San Bernardino Integrated School,I,Guimba East,501816@deped.gov.ph,,,,
300809,Bartolome Sangalang National High School,I,Guimba East,300809@deped.gov.ph,,,,
306815,Manacsac High School,I,Guimba East,306815@deped.gov.ph,,,,
300825,Nagpandayan National High School,I,Guimba East,300825@deped.gov.ph,,,,
300843,San Andres High School,I,Guimba East,300843@deped.gov.ph,,,,
300869,Triala National High School,I,Guimba East,300869@deped.gov.ph,,,,
502805,San Marcelino Integrated School,I,Guimba East,502805@deped.gov.ph,,,,
502881,Sta. Ana Integrated School,I,Guimba East,502881@deped.gov.ph,,,,
300809,Bartolome Sangalang National High School,I,Guimba East,300809@deped.gov.ph,,,,
306815,Manacsac High School,I,Guimba East,306815@deped.gov.ph,,,,
300825,Nagpandayan National High School,I,Guimba East,300825@deped.gov.ph,,,,
300843,San Andres High School,I,Guimba East,300843@deped.gov.ph,,,,
300869,Triala National High School,I,Guimba East,300869@deped.gov.ph,,,,
,Guimba East District Office,I,Guimba East,,,,,
,Guimba West District Office,I,Guimba West,,,,,
501658,Maybubon Integrated School,I,Guimba West,501658@deped.gov.ph,,,,
105404,Bacayao Elementary School,I,Guimba West,105404@deped.gov.ph,,,,
105405,Bagong Barrio Elementary School,I,Guimba West,105405@deped.gov.ph,,,,
105406,Balingog East Elementary School,I,Guimba West,105406@deped.gov.ph,,,,
105407,Balingog West Elementary School,I,Guimba West,105407@deped.gov.ph,,,,
105408,Banitan Elementary School,I,Guimba West,105408@deped.gov.ph,,,,
105409,Bertese Elementary School,I,Guimba West,105409@deped.gov.ph,,,,
105410,Calem Elementary School,I,Guimba West,105410@deped.gov.ph,,,,
105411,Casongsong Elementary School,I,Guimba West,105411@deped.gov.ph,,,,
105412,Catimon Elementary School,I,Guimba West,105412@deped.gov.ph,,,,
105413,Escaño Elementary School,I,Guimba West,105413@deped.gov.ph,,,,
105414,Galvan Elementary School,I,Guimba West,105414@deped.gov.ph,,,,
105415,Guimba West Central School,I,Guimba West,105415@deped.gov.ph,,,,
105416,Lamorito Elementary School,I,Guimba West,105416@deped.gov.ph,,,,
105417,Lennec Elementary School,I,Guimba West,105417@deped.gov.ph,,,,
105418,Macatcatuit Elementary School,I,Guimba West,105418@deped.gov.ph,,,,
105419,Macamias Elementary School,I,Guimba West,105419@deped.gov.ph,,,,
105420,Manggang Marikit Elementary School,I,Guimba West,105420@deped.gov.ph,,,,
105422,Narvacan I Elementary School,I,Guimba West,105422@deped.gov.ph,,,,
105423,Narvacan II Elementary School,I,Guimba West,105423@deped.gov.ph,,,,
105424,Pacac Elementary School,I,Guimba West,105424@deped.gov.ph,,,,
105425,Partida I Elementary School,I,Guimba West,105425@deped.gov.ph,,,,
105426,Partida II Elementary School,I,Guimba West,105426@deped.gov.ph,,,,
105427,Pasong Inchik-San Rafael Elem.,I,Guimba West,105427@deped.gov.ph,,,,
105428,San Agustin Elementary School,I,Guimba West,105428@deped.gov.ph,,,,
105429,San Miguel Elementary School,I,Guimba West,105429@deped.gov.ph,,,,
105430,Sta. Veronica Elementary School,I,Guimba West,105430@deped.gov.ph,,,,
105431,Sto. Cristo Elementary School,I,Guimba West,105431@deped.gov.ph,,,,
105432,Subul Elementary School,I,Guimba West,105432@deped.gov.ph,,,,
105433,Yuson Elementary School,I,Guimba West,105433@deped.gov.ph,,,,
501658,Maybubon Integrated School,I,Guimba West,501658@deped.gov.ph,,,,
300806,Galvan National High School,I,Guimba West,300806@deped.gov.ph,,,,
306829,Macatcatuit High School,I,Guimba West,306829@deped.gov.ph,,,,
306810,Pacac High School,I,Guimba West,306810@deped.gov.ph,,,,
300806,Galvan National High School,I,Guimba West,300806@deped.gov.ph,,,,
306829,Macatcatuit National High School,I,Guimba West,306829@deped.gov.ph,,,,
306810,Pacac High School,I,Guimba West,306810@deped.gov.ph,,,,
105434,Calabasa Elementary School,IV,Jaen North,105434@deped.gov.ph,,,,
105435,Hilera Elementary School,IV,Jaen North,105435@deped.gov.ph,,,,
105436,Imbunia Elementary School,IV,Jaen North,105436@deped.gov.ph,,,,
105439,Lambakin Elementary School,IV,Jaen North,105439@deped.gov.ph,,,,
105443,Malabon Kaingin Elementary School,IV,Jaen North,105443@deped.gov.ph,,,,
105444,Marawa Elementary School,IV,Jaen North,105444@deped.gov.ph,,,,
105446,Pakul Elementary School,IV,Jaen North,105446@deped.gov.ph,,,,
105447,Pamacpacan Elementary School,IV,Jaen North,105447@deped.gov.ph,,,,
105448,Pinanggaan Elementary School,IV,Jaen North,105448@deped.gov.ph,,,,
105449,Putlod Elementary School,IV,Jaen North,105449@deped.gov.ph,,,,
105451,San Jose Elementary School,IV,Jaen North,105451@deped.gov.ph,,,,
105456,Sta. Rita Elementary School,IV,Jaen North,105456@deped.gov.ph,,,,
105459,Ulanin-Pitak Elementary School,IV,Jaen North,105459@deped.gov.ph,,,,
300836,Lambakin National High School,IV,Jaen North,300836@deped.gov.ph,,,,
306825,Marawa National High School,IV,Jaen North,306825@deped.gov.ph,,,,
300835,Putlod-San Jose National High School,IV,Jaen North,300835@deped.gov.ph,,,,
300836,Lambakin National High School,IV,Jaen North,300836@deped.gov.ph,,,,
306825,Marawa National High School,IV,Jaen North,306825@deped.gov.ph,,,,
300835,Putlod-San Jose National High School,IV,Jaen North,300835@deped.gov.ph,,,,
,Jaen North District Office,IV,Jaen North,,,,,
105437,Jaen Central School,IV,Jaen South,105437@deped.gov.ph,,,,
105438,Jaen West Elementary School,IV,Jaen South,105438@deped.gov.ph,,,,
105440,Langla Elementary School,IV,Jaen South,105440@deped.gov.ph,,,,
105442,Magsalisi East Elementary School,IV,Jaen South,105442@deped.gov.ph,,,,
105441,Magsalisi West Elementary School,IV,Jaen South,105441@deped.gov.ph,,,,
105445,Niyugan Elementary School,IV,Jaen South,105445@deped.gov.ph,,,,
105452,San Josef Elementary School,IV,Jaen South,105452@deped.gov.ph,,,,
105453,San Pablo Elementary School,IV,Jaen South,105453@deped.gov.ph,,,,
105450,San Pedro Bliss Elementary School,IV,Jaen South,105450@deped.gov.ph,,,,
105454,San Vicente Elementary School,IV,Jaen South,105454@deped.gov.ph,,,,
105455,Sapang Elementary School,IV,Jaen South,105455@deped.gov.ph,,,,
105457,Sto. Tomas North Elementary School,IV,Jaen South,105457@deped.gov.ph,,,,
105458,Sto. Tomas South Elementary School,IV,Jaen South,105458@deped.gov.ph,,,,
306816,Jaen National High School,IV,Jaen South,306816@deped.gov.ph,,,,
306831,Jaen National High School Annex-San Pablo,IV,Jaen South,306831@deped.gov.ph,,,,
306816,Jaen National High School,IV,Jaen South,306816@deped.gov.ph,,,,
306831,Jaen National High School Annex-San Pablo,IV,Jaen South,306831@deped.gov.ph,,,,
,Jaen South District Office,IV,Jaen South,,,,,
105460,Betania Elementary School,III,Laur,105460@deped.gov.ph,,,,
137035,Camias Elementary School,III,Laur,137035@deped.gov.ph,,,,
105461,Canantong Elementary School,III,Laur,105461@deped.gov.ph,,,,
105462,Casa Real Elementary School,III,Laur,105462@deped.gov.ph,,,,
105463,Laur Central School,III,Laur,105463@deped.gov.ph,,,,
105464,Laur West Elementary School,III,Laur,105464@deped.gov.ph,,,,
105465,Mainit Elementary School,III,Laur,105465@deped.gov.ph,,,,
105466,Nauzon Elementary School,III,Laur,105466@deped.gov.ph,,,,
105467,Pinagbayanan Elementary School,III,Laur,105467@deped.gov.ph,,,,
105468,Sagana Elementary School,III,Laur,105468@deped.gov.ph,,,,
105469,San Antonio Elementary School,III,Laur,105469@deped.gov.ph,,,,
105470,San Felipe Elementary School,III,Laur,105470@deped.gov.ph,,,,
105471,San Fernando Elementary School,III,Laur,105471@deped.gov.ph,,,,
105472,San Isidro Elementary School,III,Laur,105472@deped.gov.ph,,,,
105473,San Josep Elementary School,III,Laur,105473@deped.gov.ph,,,,
105474,San Juan Elementary School,III,Laur,105474@deped.gov.ph,,,,
105475,San Vicente Elementary School,III,Laur,105475@deped.gov.ph,,,,
105476,Siclong Elementary School,III,Laur,105476@deped.gov.ph,,,,
300810,Hilario E. Hermosa Mem. High School,III,Laur,300810@deped.gov.ph,,,,
300811,Jorge M. Padilla National High School,III,Laur,300811@deped.gov.ph,,,,
306812,Ricardo Dizon Canlas Agr'L. High School,III,Laur,306812@deped.gov.ph,,,,
306253,San Isidro National High School,III,Laur,306253@deped.gov.ph,,,,
300810,Hilario E. Hermosa Mem. High School,III,Laur,300810@deped.gov.ph,,,,
300811,Jorge M. Padilla National High School,III,Laur,300811@deped.gov.ph,,,,
306812,Ricardo Dizon Canlas Agr'L. High School,III,Laur,306812@deped.gov.ph,,,,
,Laur District Office,III,Laur,,,,,
105477,Ablang Elementary School,I,Licab,105477@deped.gov.ph,,,,
105478,Bantug Na Munti Elementary School,I,Licab,105478@deped.gov.ph,,,,
105479,Bardias Elementary School,I,Licab,105479@deped.gov.ph,,,,
159022,Don Dalmacio Elementary School,I,Licab,159022@deped.gov.ph,,,,
105480,Licab Central School,I,Licab,105480@deped.gov.ph,,,,
105481,Linao Elementary School,I,Licab,105481@deped.gov.ph,,,,
105482,Parson Elementary School,I,Licab,105482@deped.gov.ph,,,,
105483,San Casimiro Elementary School,I,Licab,105483@deped.gov.ph,,,,
105484,San Cristobal Elementary School,I,Licab,105484@deped.gov.ph,,,,
105485,San Jose Elementary School,I,Licab,105485@deped.gov.ph,,,,
105486,Sta. Maria Elementary School,I,Licab,105486@deped.gov.ph,,,,
105487,Tabing Ilog Elemetary School,I,Licab,105487@deped.gov.ph,,,,
105488,Villarosa Elementary School,I,Licab,105488@deped.gov.ph,,,,
300845,Exequiel R. Lina National High School,I,Licab,300845@deped.gov.ph,,,,
300855,Sta. Maria National High School,I,Licab,300855@deped.gov.ph,,,,
300845,Exequiel R. Lina National High School,I,Licab,300845@deped.gov.ph,,,,
300855,Sta. Maria National High School,I,Licab,300855@deped.gov.ph,,,,
,Licab District Offie,I,Licab,,,,,
502369,Caridad Sur Integrated School,II,Llanera,502369@deped.gov.ph,,,,
500122,Sta. Barbara Integrated School,II,Llanera,500122@deped.gov.ph,,,,
105489,A. Bonifacio Norte Elementary School,II,Llanera,105489@deped.gov.ph,,,,
105490,A. Bonifacio Sur Elementary School,II,Llanera,105490@deped.gov.ph,,,,
137033,Bontoc Elementary School,II,Llanera,137033@deped.gov.ph,,,,
105491,Bosque Elementary School,II,Llanera,105491@deped.gov.ph,,,,
105493,Caridad Norte Elementary School,II,Llanera,105493@deped.gov.ph,,,,
105495,Casile Elementary School,II,Llanera,105495@deped.gov.ph,,,,
105496,Florida Blanca Elementary School,II,Llanera,105496@deped.gov.ph,,,,
105497,General Luna Elementary School,II,Llanera,105497@deped.gov.ph,,,,
105498,General Ricarte Elementary School,II,Llanera,105498@deped.gov.ph,,,,
105499,Gomez Elementary School,II,Llanera,105499@deped.gov.ph,,,,
105500,Inanama Elementary School,II,Llanera,105500@deped.gov.ph,,,,
105501,Ligaya Elementary School,II,Llanera,105501@deped.gov.ph,,,,
105502,Llanera Central School,II,Llanera,105502@deped.gov.ph,,,,
105503,Mabini Elementary School,II,Llanera,105503@deped.gov.ph,,,,
105504,Murcon Elementary School,II,Llanera,105504@deped.gov.ph,,,,
105505,Old Murcon Elementary School,II,Llanera,105505@deped.gov.ph,,,,
105506,San Alfonso Elementary School,II,Llanera,105506@deped.gov.ph,,,,
105507,San Felipe Integrated School,II,Llanera,105507@deped.gov.ph,,,,
105508,San Nicolas Elementary School,II,Llanera,105508@deped.gov.ph,,,,
105509,San Vicente Elementary School,II,Llanera,105509@deped.gov.ph,,,,
105492,Sitio Cabiao Elementary School,II,Llanera,105492@deped.gov.ph,,,,
105511,Villa Viniegas Elementary School,II,Llanera,105511@deped.gov.ph,,,,
502369,Caridad Sur Integrated School,II,Llanera,502369@deped.gov.ph,,,,
500122,Sta. Barbara Integrated School,II,Llanera,500122@deped.gov.ph,,,,
300784,Andres Bonifacio National High School,II,Llanera,300784@deped.gov.ph,,,,
300807,General Luna National High School,II,Llanera,300807@deped.gov.ph,,,,
300870,Llanera National High School,II,Llanera,300870@deped.gov.ph,,,,
306802,San Felipe Integrated High School,II,Llanera,306802@deped.gov.ph,,,,
300784,Andres Bonifacio National High School,II,Llanera,300784@deped.gov.ph,,,,
300807,General Luna National High School,II,Llanera,300807@deped.gov.ph,,,,
300870,Llanera National High School,II,Llanera,300870@deped.gov.ph,,,,
306802,San Felipe Integrated High School,II,Llanera,306802@deped.gov.ph,,,,
500122,Sta. Barbara Integrated School,II,Llanera,500122@deped.gov.ph,,,,
,Llanera District Office,II,Llanera,,,,,
502260,Salvacion 2nd Integrated School,II,Lupao,502260@deped.gov.ph,,,,
105512,Agupalo Este Elementary School,II,Lupao,105512@deped.gov.ph,,,,
105513,Agupalo Weste Elementary School,II,Lupao,105513@deped.gov.ph,,,,
105514,Alalay Chica Elementary School,II,Lupao,105514@deped.gov.ph,,,,
105515,Alalay Grande Elementary School,II,Lupao,105515@deped.gov.ph,,,,
105516,Arimal Elementary School,II,Lupao,105516@deped.gov.ph,,,,
105517,Bagong Flores Elementary School,II,Lupao,105517@deped.gov.ph,,,,
105518,Balbalungao Elementary School,II,Lupao,105518@deped.gov.ph,,,,
105519,Burgos Elementary School,II,Lupao,105519@deped.gov.ph,,,,
105520,Cordero Elementary School,II,Lupao,105520@deped.gov.ph,,,,
105521,Lupao Central School,II,Lupao,105521@deped.gov.ph,,,,
105522,Mapangpang Elementary School,II,Lupao,105522@deped.gov.ph,,,,
105523,Namulandayan Elementary School,II,Lupao,105523@deped.gov.ph,,,,
105524,Parista Elementary School,II,Lupao,105524@deped.gov.ph,,,,
105525,Salvacion 1St Elementary School,II,Lupao,105525@deped.gov.ph,,,,
105527,San Antonio Este Elementary School,II,Lupao,105527@deped.gov.ph,,,,
105528,San Antonio Weste Elementary School,II,Lupao,105528@deped.gov.ph,,,,
105529,San Isidro Elementary School,II,Lupao,105529@deped.gov.ph,,,,
105530,San Pedro Elementary School,II,Lupao,105530@deped.gov.ph,,,,
105531,San Roque Elementary School,II,Lupao,105531@deped.gov.ph,,,,
105532,Sto. Domingo Elementary School,II,Lupao,105532@deped.gov.ph,,,,
502260,Salvacion 2nd Integrated School,II,Lupao,502260@deped.gov.ph,,,,
306806,Agupalo Weste High School,II,Lupao,306806@deped.gov.ph,,,,
300802,Doña Juana Chioco National High School,II,Lupao,300802@deped.gov.ph,,,,
300847,San Isidro National High School,II,Lupao,300847@deped.gov.ph,,,,
306806,Agupalo Weste High School,II,Lupao,306806@deped.gov.ph,,,,
300802,Doña Juana Chioco National High School,II,Lupao,300802@deped.gov.ph,,,,
300847,San Isidro National High School,II,Lupao,300847@deped.gov.ph,,,,
,Lupao District Office,II,Lupao,,,,,
105566,Alzate Village Elementary School,I,Nampicuan,105566@deped.gov.ph,,,,
105567,Cabawangan Elementary School,I,Nampicuan,105567@deped.gov.ph,,,,
105568,Maeling Elementary School,I,Nampicuan,105568@deped.gov.ph,,,,
105569,Mayantoc Elementary School,I,Nampicuan,105569@deped.gov.ph,,,,
105570,Medico Elementary School,I,Nampicuan,105570@deped.gov.ph,,,,
105571,Monic Elementary School,I,Nampicuan,105571@deped.gov.ph,,,,
105572,Nampicuan Central School,I,Nampicuan,105572@deped.gov.ph,,,,
105573,Recuerdo Elementary School,I,Nampicuan,105573@deped.gov.ph,,,,
300838,Nampicuan National High School,I,Nampicuan,300838@deped.gov.ph,,,,
300837,Nampicuan National High School,I,Nampicuan,300837@deped.gov.ph,,,,
300838,Nampicuan National High School,I,Nampicuan,300838@deped.gov.ph,,,,
300837,Recuerdo National High School,I,Nampicuan,300837@deped.gov.ph,,,,
,Nampicuan District Office,I,Nampicuan,,,,,
105574,Atate Elementary School,III,Palayan City,105574@deped.gov.ph,,,,
105575,Aulo Elementary School,III,Palayan City,105575@deped.gov.ph,,,,
105577,Bagong Buhay Elementary School,III,Palayan City,105577@deped.gov.ph,,,,
159012,Bliss Elementary School,III,Palayan City,159012@deped.gov.ph,,,,
159008,Caimito Elementary School,III,Palayan City,159008@deped.gov.ph,,,,
105580,Fort Magsaysay Elementary School,III,Palayan City,105580@deped.gov.ph,,,,
105581,Imelda Valley I Elementary School,III,Palayan City,105581@deped.gov.ph,,,,
105582,Imelda Valley II Elementary School,III,Palayan City,105582@deped.gov.ph,,,,
105576,Kalikasan Elementary School,III,Palayan City,105576@deped.gov.ph,,,,
105578,Langka Elementary School,III,Palayan City,105578@deped.gov.ph,,,,
105583,Malate Elementary School,III,Palayan City,105583@deped.gov.ph,,,,
105584,Maligaya Elementary School,III,Palayan City,105584@deped.gov.ph,,,,
105586,Manggahan Elementary School,III,Palayan City,105586@deped.gov.ph,,,,
105587,Marcos Village Elementary School,III,Palayan City,105587@deped.gov.ph,,,,
105589,Palayan City Central School,III,Palayan City,105589@deped.gov.ph,,,,
105585,Pedro Valenzuela Elementary School,III,Palayan City,105585@deped.gov.ph,,,,
105590,Pinaltakan Elementary School (Red Cross Village PS),III,Palayan City,105590@deped.gov.ph,,,,
105591,Popolon Elementary School,III,Palayan City,105591@deped.gov.ph,,,,
105592,Sandelain Elementary School,III,Palayan City,105592@deped.gov.ph,,,,
105593,Sapang Buho Elementary School,III,Palayan City,105593@deped.gov.ph,,,,
105594,Singgalat Elementary School,III,Palayan City,105594@deped.gov.ph,,,,
306803,Buklod-Palad National High School,III,Palayan City,306803@deped.gov.ph,,,,
300787,Fort Magsaysay National High School,III,Palayan City,300787@deped.gov.ph,,,,
300819,Maligaya National High School,III,Palayan City,300819@deped.gov.ph,,,,
300828,Palayan City National High School,III,Palayan City,300828@deped.gov.ph,,,,
306438,Langka National High School,III,Palayan City,306438@deped.gov.ph,,,,
306803,Buklod-Palad National High School,III,Palayan City,306803@deped.gov.ph,,,,
300787,Fort Magsaysay National High School,III,Palayan City,300787@deped.gov.ph,,,,
300819,Maligaya National High School,III,Palayan City,300819@deped.gov.ph,,,,
306445,Palayan City Senior High School,III,Palayan City,306445@deped.gov.ph,,,,
,Palayan City District Office,III,Palayan City,,,,,
501825,Marikit Integrated School,II,Pantabangan,501825@deped.gov.ph,,,,
502259,Pantabangan West Integrated School,II,Pantabangan,502259@deped.gov.ph,,,,
105597,Cadaclan Elementary School,II,Pantabangan,105597@deped.gov.ph,,,,
105595,Cambitala Elementary School,II,Pantabangan,105595@deped.gov.ph,,,,
105596,Conversion Elementary School,II,Pantabangan,105596@deped.gov.ph,,,,
105598,Ganduz Elementary School,II,Pantabangan,105598@deped.gov.ph,,,,
105599,Kalayaan Elementary School,II,Pantabangan,105599@deped.gov.ph,,,,
105600,Liberty Elementary School,II,Pantabangan,105600@deped.gov.ph,,,,
159007,Masiway Elementary School,II,Pantabangan,159007@deped.gov.ph,,,,
105602,Napon-Napon Elementary School,II,Pantabangan,105602@deped.gov.ph,,,,
105603,Pamalyan Cultural Minority Primary School,II,Pantabangan,105603@deped.gov.ph,,,,
105604,Pantabangan East Central School,II,Pantabangan,105604@deped.gov.ph,,,,
105606,Salvacion Elementary School,II,Pantabangan,105606@deped.gov.ph,,,,
105607,Sampaloc Elementary School,II,Pantabangan,105607@deped.gov.ph,,,,
105608,San Juan Elementary School,II,Pantabangan,105608@deped.gov.ph,,,,
137184,Sitio Tule Indigenous People School,II,Pantabangan,137184@deped.gov.ph,,,,
105609,Tanawan Central School,II,Pantabangan,105609@deped.gov.ph,,,,
105610,Villanueve Elementary School,II,Pantabangan,105610@deped.gov.ph,,,,
501825,Marikit Integrated School,II,Pantabangan,501825@deped.gov.ph,,,,
502259,Pantabangan West Integrated School,II,Pantabangan,502259@deped.gov.ph,,,,
306830,Cambitala National High School,II,Pantabangan,306830@deped.gov.ph,,,,
306832,Conversion Integrated School,II,Pantabangan,306832@deped.gov.ph,,,,
306808,Ganduz National High School,II,Pantabangan,306808@deped.gov.ph,,,,
300830,Pantabangan National High School,II,Pantabangan,300830@deped.gov.ph,,,,
300831,"Pantabangan National High School – Annex, Cadaclan Is",II,Pantabangan,300831@deped.gov.ph,,,,
306830,Cambitala National High School,II,Pantabangan,306830@deped.gov.ph,,,,
306832,Conversion Integrated School,II,Pantabangan,306832@deped.gov.ph,,,,
306808,Ganduz National High School,II,Pantabangan,306808@deped.gov.ph,,,,
300830,Pantabangan National High School,II,Pantabangan,300830@deped.gov.ph,,,,
300831,"Pantabangan National High School – Annex, Cadaclan Is",II,Pantabangan,300831@deped.gov.ph,,,,
501825,Marikit Integrated School,II,Pantabangan,501825@deped.gov.ph,,,,
,Pantabangan District Office,II,Pantabangan,,,,,
501239,Callos Integrated School,IV,Peñaranda,501239@deped.gov.ph,,,,
501214,Las Piñas Integrated School,IV,Peñaranda,501214@deped.gov.ph,,,,
105612,Kapt. Pedro Villanueva Elementary School,IV,Peñaranda,105612@deped.gov.ph,,,,
105614,Peñaranda Central School,IV,Peñaranda,105614@deped.gov.ph,,,,
105615,Peñaranda North Central School,IV,Peñaranda,105615@deped.gov.ph,,,,
105616,San Josef Elementary School,IV,Peñaranda,105616@deped.gov.ph,,,,
105617,San Mariano Elementary School,IV,Peñaranda,105617@deped.gov.ph,,,,
105618,Sto. Tomas Elementary School,IV,Peñaranda,105618@deped.gov.ph,,,,
501239,Callos Integrated School,IV,Peñaranda,501239@deped.gov.ph,,,,
501214,Las Piñas Integrated School,IV,Peñaranda,501214@deped.gov.ph,,,,
300832,Peñaranda National High School,IV,Peñaranda,300832@deped.gov.ph,,,,
306380,Peñaranda Senior High School,IV,Peñaranda,306380@deped.gov.ph,,,,
,Penaranda District Office,IV,Peñaranda,,,,,
501818,Quezon Integrated School,I,Quezon,501818@deped.gov.ph,,,,
501820,San Alejandro Integrated School,I,Quezon,501820@deped.gov.ph,,,,
501857,San Andres I Integrated School,I,Quezon,501857@deped.gov.ph,,,,
105619,Bertese Elementary School,I,Quezon,105619@deped.gov.ph,,,,
105620,Casanova Elementary School,I,Quezon,105620@deped.gov.ph,,,,
105621,Doña Lucia Elementary School,I,Quezon,105621@deped.gov.ph,,,,
105622,Labong Elementary School,I,Quezon,105622@deped.gov.ph,,,,
159015,Osmena Elementary School,I,Quezon,159015@deped.gov.ph,,,,
105623,Pulong Bahay Elementary School,I,Quezon,105623@deped.gov.ph,,,,
105625,Ricardo L. Joson Elementary School,I,Quezon,105625@deped.gov.ph,,,,
105628,San Andres II Elementary School,I,Quezon,105628@deped.gov.ph,,,,
105629,San Manuel Elementary School,I,Quezon,105629@deped.gov.ph,,,,
105630,San Miguel Elementary School,I,Quezon,105630@deped.gov.ph,,,,
105631,Sta. Rita Elementary School,I,Quezon,105631@deped.gov.ph,,,,
105632,Sto. Cristo Elementary School,I,Quezon,105632@deped.gov.ph,,,,
105633,Sto. Tomas Feria Elementary School,I,Quezon,105633@deped.gov.ph,,,,
105634,Tomas Joson Elementary School,I,Quezon,105634@deped.gov.ph,,,,
501818,Quezon Integrated School,I,Quezon,501818@deped.gov.ph,,,,
501820,San Alejandro Integrated School,I,Quezon,501820@deped.gov.ph,,,,
501857,San Andres I Integrated School,I,Quezon,501857@deped.gov.ph,,,,
300804,Eduardo L. Joson Mem. High School,I,Quezon,300804@deped.gov.ph,,,,
300804,Eduardo L. Joson Mem. High School,I,Quezon,300804@deped.gov.ph,,,,
,Quezon District Office,I,Quezon,,,,,
300795,Canaan East National High School,II,Rizal,300795@deped.gov.ph,,,,
105635,Agbannawag Elementary School,II,Rizal,105635@deped.gov.ph,,,,
105636,Aglipay Elementary School,II,Rizal,105636@deped.gov.ph,,,,
105637,Ballesteros Elementary School,II,Rizal,105637@deped.gov.ph,,,,
105638,Bicos Elementary School,II,Rizal,105638@deped.gov.ph,,,,
105639,Cabucbucan Elementary School,II,Rizal,105639@deped.gov.ph,,,,
105640,Canaan East Elementary School,II,Rizal,105640@deped.gov.ph,,,,
105641,Canaan West Elementary School,II,Rizal,105641@deped.gov.ph,,,,
105642,Casilagan Elementary School,II,Rizal,105642@deped.gov.ph,,,,
105643,Del Pilar Elementary School,II,Rizal,105643@deped.gov.ph,,,,
105644,Don Lorenzo E. Aleta Elementary School,II,Rizal,105644@deped.gov.ph,,,,
105645,Estrella Elementary School,II,Rizal,105645@deped.gov.ph,,,,
105646,Gen. Luna Elementary School,II,Rizal,105646@deped.gov.ph,,,,
105647,Kaunlaran Elementary School,II,Rizal,105647@deped.gov.ph,,,,
105648,Macapsing Elementary School,II,Rizal,105648@deped.gov.ph,,,,
105649,Maligaya Elementary School,II,Rizal,105649@deped.gov.ph,,,,
105650,Paco Roman Elementary School,II,Rizal,105650@deped.gov.ph,,,,
105651,Pag-Asa Elementary School,II,Rizal,105651@deped.gov.ph,,,,
105652,Portal Elementary School,II,Rizal,105652@deped.gov.ph,,,,
105653,Rizal Central School,II,Rizal,105653@deped.gov.ph,,,,
105654,Rizal West Elementary School,II,Rizal,105654@deped.gov.ph,,,,
105655,San Esteban Elementary School,II,Rizal,105655@deped.gov.ph,,,,
105656,San Gregorio Elementary School,II,Rizal,105656@deped.gov.ph,,,,
105657,Sta. Monica Elementary School,II,Rizal,105657@deped.gov.ph,,,,
105658,Villa Labrador Elementary School,II,Rizal,105658@deped.gov.ph,,,,
105659,Villa Paraiso Elementary School,II,Rizal,105659@deped.gov.ph,,,,
300782,Agbannawag National High School,II,Rizal,300782@deped.gov.ph,,,,
300789,Bicos National High School,II,Rizal,300789@deped.gov.ph,,,,
300793,Cabucbucan National High School,II,Rizal,300793@deped.gov.ph,,,,
300841,Rizal National High School,II,Rizal,300841@deped.gov.ph,,,,
300782,Agbannawag National High School,II,Rizal,300782@deped.gov.ph,,,,
300789,Bicos National High School,II,Rizal,300789@deped.gov.ph,,,,
300793,Cabucbucan National High School,II,Rizal,300793@deped.gov.ph,,,,
300795,Canaan East National High School,II,Rizal,300795@deped.gov.ph,,,,
300841,Rizal National High School,II,Rizal,300841@deped.gov.ph,,,,
,Rizal District Office,II,Rizal,,,,,
105660,Buliran Elementary School,IV,San Antonio,105660@deped.gov.ph,,,,
105661,Cama Juan Elementary School,IV,San Antonio,105661@deped.gov.ph,,,,
105663,Faustino P. De Leon Elementary School,IV,San Antonio,105663@deped.gov.ph,,,,
105662,Hacienda Elementary School,IV,San Antonio,105662@deped.gov.ph,,,,
105664,Lawang Kupang Elementary School,IV,San Antonio,105664@deped.gov.ph,,,,
105665,Lorenza M. Tinio Elementary School,IV,San Antonio,105665@deped.gov.ph,,,,
105666,Luyos Elementary School,IV,San Antonio,105666@deped.gov.ph,,,,
105667,Maugat Elementary School,IV,San Antonio,105667@deped.gov.ph,,,,
105668,Panabingan Elementary School,IV,San Antonio,105668@deped.gov.ph,,,,
105669,Papaya Elementary School,IV,San Antonio,105669@deped.gov.ph,,,,
105670,San Antonio Central School,IV,San Antonio,105670@deped.gov.ph,,,,
105671,San Francisco Elementary School,IV,San Antonio,105671@deped.gov.ph,,,,
105672,San Mariano East Elementary School,IV,San Antonio,105672@deped.gov.ph,,,,
105673,Sanggalang Elementary School,IV,San Antonio,105673@deped.gov.ph,,,,
105674,Sta. Barbara North Elementary School,IV,San Antonio,105674@deped.gov.ph,,,,
105675,Sta. Barbara South Elementary School,IV,San Antonio,105675@deped.gov.ph,,,,
105676,Sto. Cristo East Elementary School,IV,San Antonio,105676@deped.gov.ph,,,,
105677,Sto. Cristo West Elementary School,IV,San Antonio,105677@deped.gov.ph,,,,
105678,Tikiw Elementary School,IV,San Antonio,105678@deped.gov.ph,,,,
137213,San Jose Elementary School,IV,San Antonio,137213@deped.gov.ph,,,,
306821,Dr. Jose Lapuz Salonga High School,IV,San Antonio,306821@deped.gov.ph,,,,
300846,Juan Basangan National High School (San Francisco NHS),IV,San Antonio,300846@deped.gov.ph,,,,
300848,San Mariano National High School,IV,San Antonio,300848@deped.gov.ph,,,,
300853,Sta. Barbara National High School,IV,San Antonio,300853@deped.gov.ph,,,,
300854,Zacarias C. Aquilizan High School,IV,San Antonio,300854@deped.gov.ph,,,,
306821,Dr. Jose Lapuz Salonga High School,IV,San Antonio,306821@deped.gov.ph,,,,
306437,San Francisco Senior High School,IV,San Antonio,306437@deped.gov.ph,,,,
300848,San Mariano National High School,IV,San Antonio,300848@deped.gov.ph,,,,
300853,Sta. Barbara National High School,IV,San Antonio,300853@deped.gov.ph,,,,
300854,Zacarias C. Aquilizan High School,IV,San Antonio,300854@deped.gov.ph,,,,
,San Antonio District Office,IV,San Antonio,,,,,
502150,Eng'r. J & F. Vallarta Ingtegrated School,IV,San Isidro,502150@deped.gov.ph,,,,
502149,Sto. Cristo Integrated School,IV,San Isidro,502149@deped.gov.ph,,,,
105679,Alua Elementary School,IV,San Isidro,105679@deped.gov.ph,,,,
105680,Barangka Elementary School,IV,San Isidro,105680@deped.gov.ph,,,,
105681,Calaba Elementary School,IV,San Isidro,105681@deped.gov.ph,,,,
105683,Malapit East Elementary School,IV,San Isidro,105683@deped.gov.ph,,,,
105684,Malapit West Elementary School,IV,San Isidro,105684@deped.gov.ph,,,,
105685,Mangga Elementary School,IV,San Isidro,105685@deped.gov.ph,,,,
105686,Pulo Elementary School,IV,San Isidro,105686@deped.gov.ph,,,,
105687,San Isidro Central School,IV,San Isidro,105687@deped.gov.ph,,,,
105688,San Roque Elementary School,IV,San Isidro,105688@deped.gov.ph,,,,
105690,Tabon Elementary School,IV,San Isidro,105690@deped.gov.ph,,,,
502150,Eng'r. J & F. Vallarta Ingtegrated School,IV,San Isidro,502150@deped.gov.ph,,,,
502149,Sto. Cristo Integrated School,IV,San Isidro,502149@deped.gov.ph,,,,
300794,Calaba National High School,IV,San Isidro,300794@deped.gov.ph,,,,
300834,Pulo National High School,IV,San Isidro,300834@deped.gov.ph,,,,
300867,Teodoro A. Dionisio National High School,IV,San Isidro,300867@deped.gov.ph,,,,
300794,Calaba National High School,IV,San Isidro,300794@deped.gov.ph,,,,
300834,Pulo National High School,IV,San Isidro,300834@deped.gov.ph,,,,
300867,Teodoro A. Dionisio National High School,IV,San Isidro,300867@deped.gov.ph,,,,
,San Isidro District Office,IV,San Isidro,,,,,
501556,Tagumpay Integrated School,IV,San Leonardo,501556@deped.gov.ph,,,,
105745,Adorable Elementary School (Tambo South ES),IV,San Leonardo,105745@deped.gov.ph,,,,
105736,C. I. Villaroman Elementary School,IV,San Leonardo,105736@deped.gov.ph,,,,
105735,Castellano Elementary School,IV,San Leonardo,105735@deped.gov.ph,,,,
105737,Mallorca Elementary School,IV,San Leonardo,105737@deped.gov.ph,,,,
105738,Mambangnan Elementary School,IV,San Leonardo,105738@deped.gov.ph,,,,
105739,Nieves Elementary School,IV,San Leonardo,105739@deped.gov.ph,,,,
105740,San Anton Elementary School,IV,San Leonardo,105740@deped.gov.ph,,,,
105741,San Leonardo Central School,IV,San Leonardo,105741@deped.gov.ph,,,,
105742,San Roque Elementary School,IV,San Leonardo,105742@deped.gov.ph,,,,
105744,Tabuating Elementary School,IV,San Leonardo,105744@deped.gov.ph,,,,
137258,Tagumpay Nagaño Elementary School,IV,San Leonardo,137258@deped.gov.ph,,,,
501556,Tagumpay Integrated School,IV,San Leonardo,501556@deped.gov.ph,,,,
300817,Magpapalayok National High School,IV,San Leonardo,300817@deped.gov.ph,,,,
300820,Mallorca National High School,IV,San Leonardo,300820@deped.gov.ph,,,,
300821,Mambangnan National High School,IV,San Leonardo,300821@deped.gov.ph,,,,
300844,San Anton National High School,IV,San Leonardo,300844@deped.gov.ph,,,,
306833,San Leonardo National High School,IV,San Leonardo,306833@deped.gov.ph,,,,
305564,Tagumpay Nagaño High School,IV,San Leonardo,305564@deped.gov.ph,,,,
300817,Magpapalayok National High School,IV,San Leonardo,300817@deped.gov.ph,,,,
300820,Mallorca National High School,IV,San Leonardo,300820@deped.gov.ph,,,,
300821,Mambangnan National High School,IV,San Leonardo,300821@deped.gov.ph,,,,
300844,San Anton National High School,IV,San Leonardo,300844@deped.gov.ph,,,,
306833,San Leonardo National High School,IV,San Leonardo,306833@deped.gov.ph,,,,
305564,Tagumpay Nagaño High School,IV,San Leonardo,305564@deped.gov.ph,,,,
,San Leonardo District Office,IV,San Leonardo,,,,,
105747,Berang Elementary School,III,Santa Rosa North,105747@deped.gov.ph,,,,
105748,Dr. Sancho T. Manubay Elementary School,III,Santa Rosa North,105748@deped.gov.ph,,,,
105746,Eulalio N. Adriano Elementary School,III,Santa Rosa North,105746@deped.gov.ph,,,,
105752,La Fuente Elementary School,III,Santa Rosa North,105752@deped.gov.ph,,,,
105758,Pilang Elementary School,III,Santa Rosa North,105758@deped.gov.ph,,,,
502500,Rajal Centro Integrated School,III,Santa Rosa North,502500@deped.gov.ph,,,,
105760,San Gregorio Elementary School,III,Santa Rosa North,105760@deped.gov.ph,,,,
105761,San Pedro Elementary School,III,Santa Rosa North,105761@deped.gov.ph,,,,
105762,Sapsap Elementary School,III,Santa Rosa North,105762@deped.gov.ph,,,,
105763,Severa Valisno Mem. Elementary School,III,Santa Rosa North,105763@deped.gov.ph,,,,
105766,Sto. Rosario Elementary School,III,Santa Rosa North,105766@deped.gov.ph,,,,
105767,V.F. Villanueva Memorial School,III,Santa Rosa North,105767@deped.gov.ph,,,,
137211,San Isidro Elementary School,III,Santa Rosa North,137211@deped.gov.ph,,,,
502147,Dr. A. Oliveros Integrated School,III,Santa Rosa South,502147@deped.gov.ph,,,,
501824,Eusebio G. Asuncion Integrated School,III,Santa Rosa South,501824@deped.gov.ph,,,,
502148,G. Villegas Integrated School,III,Santa Rosa South,502148@deped.gov.ph,,,,
501817,Luis Gonzales Integrated School,III,Santa Rosa South,501817@deped.gov.ph,,,,
501733,Santa Rosa Integrated School,III,Santa Rosa South,501733@deped.gov.ph,,,,
159034,Angel'S Ville Elementary School,III,Santa Rosa South,159034@deped.gov.ph,,,,
105750,E. Saulo Mem. Elementary School,III,Santa Rosa South,105750@deped.gov.ph,,,,
105764,Esing T. Angeles Elementary School,III,Santa Rosa South,105764@deped.gov.ph,,,,
137120,Isla Elementary School,III,Santa Rosa South,137120@deped.gov.ph,,,,
105753,Malacanang Centro Elementary School,III,Santa Rosa South,105753@deped.gov.ph,,,,
105754,Malacanang Elementary School,III,Santa Rosa South,105754@deped.gov.ph,,,,
105755,Mapalad North Elementary School,III,Santa Rosa South,105755@deped.gov.ph,,,,
105756,Mapalad Sur Elementary School,III,Santa Rosa South,105756@deped.gov.ph,,,,
105757,Pepito B. Bernardo Mem. School,III,Santa Rosa South,105757@deped.gov.ph,,,,
,Santa Rosa South District Office,III,Santa Rosa South,,,,,
,Santa Rosa North District Office,III,Santa Rosa South,,,,,
300858,"Sto. Rosario National High School , Sta. Rosa",III,Santa Rosa North,300858@deped.gov.ph,,,,
502500,Rajal Centro Integrated School,III,Santa Rosa North,502500@deped.gov.ph,,,,
300858,"Sto. Rosario National High School , Sta. Rosa",III,Santa Rosa North,300858@deped.gov.ph,,,,
502147,Dr. A. Oliveros Integrated School,III,Santa Rosa South,502147@deped.gov.ph,,,,
501824,Eusebio G. Asuncion Integrated School,III,Santa Rosa South,501824@deped.gov.ph,,,,
502148,G. Villegas Integrated School,III,Santa Rosa South,502148@deped.gov.ph,,,,
501817,Luis Gonzales Integrated School,III,Santa Rosa South,501817@deped.gov.ph,,,,
501733,Santa Rosa Integrated School,III,Santa Rosa South,501733@deped.gov.ph,,,,
300818,Malacañang National High School,III,Santa Rosa South,300818@deped.gov.ph,,,,
306801,Santa Rosa National High School,III,Santa Rosa South,306801@deped.gov.ph,,,,
300818,Malacañang National High School,III,Santa Rosa South,300818@deped.gov.ph,,,,
306801,Santa Rosa National High School,III,Santa Rosa South,306801@deped.gov.ph,,,,
501826,Susana S. Liwag Integrated School (Concepcion IS),I,Sto. Domingo,501826@deped.gov.ph,,,,
105768,Baloc Elementary School,I,Sto. Domingo,105768@deped.gov.ph,,,,
105769,Buasao Elementary School,I,Sto. Domingo,105769@deped.gov.ph,,,,
105770,Burgos Elementary School,I,Sto. Domingo,105770@deped.gov.ph,,,,
105771,Cabugao Elementary School,I,Sto. Domingo,105771@deped.gov.ph,,,,
105773,Comitang Elementary School,I,Sto. Domingo,105773@deped.gov.ph,,,,
159030,Dagat-Dagatan Elementary,I,Sto. Domingo,159030@deped.gov.ph,,,,
105775,Dolores Elementary School,I,Sto. Domingo,105775@deped.gov.ph,,,,
105776,Dona Milagros S. Chioco (Hulo) Elementary School,I,Sto. Domingo,105776@deped.gov.ph,,,,
159021,Felix T. Pascual Elementary School,I,Sto. Domingo,159021@deped.gov.ph,,,,
105777,Gen. Luna Elementary School,I,Sto. Domingo,105777@deped.gov.ph,,,,
159032,Ilog Baliwag Elementary School,I,Sto. Domingo,159032@deped.gov.ph,,,,
159031,Kabulihan Elementary School,I,Sto. Domingo,159031@deped.gov.ph,,,,
105778,Mabini Elementary School,I,Sto. Domingo,105778@deped.gov.ph,,,,
159003,Malaya Elementary School,I,Sto. Domingo,159003@deped.gov.ph,,,,
105779,Malayantoc Elementary School,I,Sto. Domingo,105779@deped.gov.ph,,,,
105772,Pelmoka-Lina Elementary School,I,Sto. Domingo,105772@deped.gov.ph,,,,
159006,Pulong Buli Elementary School,I,Sto. Domingo,159006@deped.gov.ph,,,,
105780,Rogelio Dg Valdezotto Elementary School,I,Sto. Domingo,105780@deped.gov.ph,,,,
105782,San Fabian Elementary School,I,Sto. Domingo,105782@deped.gov.ph,,,,
105783,San Francisco Elementary School,I,Sto. Domingo,105783@deped.gov.ph,,,,
105784,San Pascual Elementary School,I,Sto. Domingo,105784@deped.gov.ph,,,,
105785,Sta. Rita Elementary School,I,Sto. Domingo,105785@deped.gov.ph,,,,
105786,Sto. Domingo Central School,I,Sto. Domingo,105786@deped.gov.ph,,,,
105787,Sto. Rosario Elementary School,I,Sto. Domingo,105787@deped.gov.ph,,,,
105781,Villa Juan Elementary School,I,Sto. Domingo,105781@deped.gov.ph,,,,
105788,Violago-Gatdula Elementary School,I,Sto. Domingo,105788@deped.gov.ph,,,,
501826,Susana S. Liwag Integrated School (Concepcion IS),I,Sto. Domingo,501826@deped.gov.ph,,,,
300814,Julia Ortiz Luiz National High School,I,Sto. Domingo,300814@deped.gov.ph,,,,
300857,Sto. Domingo National Trade School,I,Sto. Domingo,300857@deped.gov.ph,,,,
300859,"Sto. Rosario National High School, Sto. Domingo",I,Sto. Domingo,300859@deped.gov.ph,,,,
300814,Julia Ortiz Luiz National High School,I,Sto. Domingo,300814@deped.gov.ph,,,,
300857,Sto. Domingo National Trade School,I,Sto. Domingo,300857@deped.gov.ph,,,,
300859,"Sto. Rosario National High School, Sto. Domingo",I,Sto. Domingo,300859@deped.gov.ph,,,,
,Sto. Domingo District Office,I,Sto. Domingo,,,,,
501821,Bakal II Integrated School,I,Talavera North,501821@deped.gov.ph,,,,
501822,San Pascual Integrated School,I,Talavera North,501822@deped.gov.ph,,,,
105789,Bagong Silang Elementary School,I,Talavera North,105789@deped.gov.ph,,,,
105790,Bakal I Elementary School,I,Talavera North,105790@deped.gov.ph,,,,
105792,Bakal III Elementary School,I,Talavera North,105792@deped.gov.ph,,,,
105793,Basang Hamog Elementary School,I,Talavera North,105793@deped.gov.ph,,,,
105794,Bulac Elementary School,I,Talavera North,105794@deped.gov.ph,,,,
105795,Burnay Elementary School,I,Talavera North,105795@deped.gov.ph,,,,
105796,Calipahan Elementary School,I,Talavera North,105796@deped.gov.ph,,,,
105797,Campos Elementary School,I,Talavera North,105797@deped.gov.ph,,,,
105798,Casulucan Este Elementary School,I,Talavera North,105798@deped.gov.ph,,,,
159002,Lomboy Elementary School,I,Talavera North,159002@deped.gov.ph,,,,
105799,Matingkis Elementary School,I,Talavera North,105799@deped.gov.ph,,,,
105800,Pantok Bulak Elementary School,I,Talavera North,105800@deped.gov.ph,,,,
137032,Poblacion Sur Elementary School,I,Talavera North,137032@deped.gov.ph,,,,
105801,Sampaloc Elementary School,I,Talavera North,105801@deped.gov.ph,,,,
105802,San Jose Elementary School,I,Talavera North,105802@deped.gov.ph,,,,
502838,Sicsican Matanda Integrated School,I,Talavera North,502838@deped.gov.ph,,,,
105805,Tagaytay Elementary School,I,Talavera North,105805@deped.gov.ph,,,,
105806,Talavera Central School,I,Talavera North,105806@deped.gov.ph,,,,
105807,Talavera North Elementary School,I,Talavera North,105807@deped.gov.ph,,,,
,Talavera North District Office,I,Talavera North,105807@deped.gov.ph,,,,
105808,Valle Elementary School,I,Talavera North,105808@deped.gov.ph,,,,
137349,Matias Elementary School,I,Talavera North,137349@deped.gov.ph,,,,
137350,Santiago P. Abesamis Elementary School,I,Talavera North,137350@deped.gov.ph,,,,
501821,Bakal Ii Integrated School,I,Talavera North,501821@deped.gov.ph,,,,
501822,San Pascual Integrated School,I,Talavera North,501822@deped.gov.ph,,,,
300791,Bulac National High School,I,Talavera North,300791@deped.gov.ph,,,,
306187,Engr. Porfirio V. Reyes High School,I,Talavera North,306187@deped.gov.ph,,,,
300865,Tabacao National High School,I,Talavera North,300865@deped.gov.ph,,,,
300864,Talavera National High School,I,Talavera North,300864@deped.gov.ph,,,,
502838,Sicsican Matanda Integrated School,I,Talavera North,502838@deped.gov.ph,,,,
502838,Sicsican Matanda Integrated School,I,Talavera North,502838@deped.gov.ph,,,,
300791,Bulac National High School,I,Talavera North,300791@deped.gov.ph,,,,
300865,Tabacao National High School,I,Talavera North,300865@deped.gov.ph,,,,
305834,Talavera Senior High School,I,Talavera North,305834@deped.gov.ph,,,,
105809,Bagong Sikat Elementary School,I,Talavera South,105809@deped.gov.ph,,,,
105810,Bantug Elementary School,I,Talavera South,105810@deped.gov.ph,,,,
105811,Bantug Hacienda Elementary School,I,Talavera South,105811@deped.gov.ph,,,,
105812,Bugtong Na Buli Primary School,I,Talavera South,105812@deped.gov.ph,,,,
105813,Cabubulaunan Elementary School,I,Talavera South,105813@deped.gov.ph,,,,
105814,Caputican Elementary School,I,Talavera South,105814@deped.gov.ph,,,,
105815,Collado Elementary School,I,Talavera South,105815@deped.gov.ph,,,,
105816,Dimasalang Norte Elementary School,I,Talavera South,105816@deped.gov.ph,,,,
105817,Dimasalang Sur Elementary School,I,Talavera South,105817@deped.gov.ph,,,,
105818,Dinarayat Elementary School,I,Talavera South,105818@deped.gov.ph,,,,
105819,Gulod Elementary School,I,Talavera South,105819@deped.gov.ph,,,,
105820,Homestead I Elementary School,I,Talavera South,105820@deped.gov.ph,,,,
105821,Homestead II Elementary School,I,Talavera South,105821@deped.gov.ph,,,,
105822,Kinalanguyan Elementary School,I,Talavera South,105822@deped.gov.ph,,,,
105823,La Torre Elementary School,I,Talavera South,105823@deped.gov.ph,,,,
105824,Mabuhay Elementary School,I,Talavera South,105824@deped.gov.ph,,,,
105825,Mamandil Elementary School,I,Talavera South,105825@deped.gov.ph,,,,
105826,Minabuyok Elementary School,I,Talavera South,105826@deped.gov.ph,,,,
105827,Paludpod Elementary School,I,Talavera South,105827@deped.gov.ph,,,,
105828,Pula Elementary School,I,Talavera South,105828@deped.gov.ph,,,,
105829,San Miguel Na Munti Elementary School,I,Talavera South,105829@deped.gov.ph,,,,
105830,San Ricardo Elementary School,I,Talavera South,105830@deped.gov.ph,,,,
105831,Sibul Elementary School,I,Talavera South,105831@deped.gov.ph,,,,
105832,Talavera South Central School,I,Talavera South,105832@deped.gov.ph,,,,
,Talavera South District Office,I,Talavera South,,,,,
300850,San Ricardo National High School,I,Talavera South,300850@deped.gov.ph,,,,
300852,Sibul National High School,I,Talavera South,300852@deped.gov.ph,,,,
300850,San Ricardo National High School,I,Talavera South,300850@deped.gov.ph,,,,
345439,Sibul National High School,I,Talavera South,345439@deped.gov.ph,,,,
501211,Cinense Integrated School,II,Talugtug,501211@deped.gov.ph,,,,
502146,Fronda Integrated School,II,Talugtug,502146@deped.gov.ph,,,,
105843,Alberto G. Bautista Elementary School,II,Talugtug,105843@deped.gov.ph,,,,
502807,Alula Integrated School,II,Talugtug,502807@deped.gov.ph,,,,
105834,Baybayabas Elementary School,II,Talugtug,105834@deped.gov.ph,,,,
105835,Buted Elementary School,II,Talugtug,105835@deped.gov.ph,,,,
137036,Calisitan Elementary School,II,Talugtug,137036@deped.gov.ph,,,,
105837,Culiat Elementary School,II,Talugtug,105837@deped.gov.ph,,,,
105838,Maasin Elementary School,II,Talugtug,105838@deped.gov.ph,,,,
105839,Mayamot I Elementary School,II,Talugtug,105839@deped.gov.ph,,,,
105840,Nangabulan Elementary School,II,Talugtug,105840@deped.gov.ph,,,,
502806,Patola Integrated School,II,Talugtug,502806@deped.gov.ph,,,,
137034,Sampaloc Elementary School,II,Talugtug,137034@deped.gov.ph,,,,
105844,Sta. Catalina Elementary School,II,Talugtug,105844@deped.gov.ph,,,,
105845,Sto. Domingo Elementary School,II,Talugtug,105845@deped.gov.ph,,,,
105846,Talugtug East Central School,II,Talugtug,105846@deped.gov.ph,,,,
105847,Talugtug West Central School,II,Talugtug,105847@deped.gov.ph,,,,
105848,Tandoc Elementary School,II,Talugtug,105848@deped.gov.ph,,,,
105849,Tibag Elementary School,II,Talugtug,105849@deped.gov.ph,,,,
105850,Villa Boado Elementary School,II,Talugtug,105850@deped.gov.ph,,,,
105851,Villa Rosario Elementary School,II,Talugtug,105851@deped.gov.ph,,,,
105852,Villa Rosenda Elementary School,II,Talugtug,105852@deped.gov.ph,,,,
501211,Cinense Integrated School,II,Talugtug,501211@deped.gov.ph,,,,
502146,Fronda Integrated School,II,Talugtug,502146@deped.gov.ph,,,,
300866,Talugtug National High School,II,Talugtug,300866@deped.gov.ph,,,,
306828,Talugtug National High School Annex-Saverona,II,Talugtug,306828@deped.gov.ph,,,,
502806,Patola Integrated School,II,Talugtug,502806@deped.gov.ph,,,,
502807,Alula Integrated School,II,Talugtug,502807@deped.gov.ph,,,,
300866,Talugtug National High School,II,Talugtug,300866@deped.gov.ph,,,,
,Talugtug District Office,II,Talugtug,,,,,
306828,Talugtug National High School Annex-Saverona,II,Talugtug,306828@deped.gov.ph,,,,
105853,Batitang Elementary School,I,Zaragoza,105853@deped.gov.ph,,,,
105854,Carmen Elementary School,I,Zaragoza,105854@deped.gov.ph,,,,
105855,Concepcion East Elementary School,I,Zaragoza,105855@deped.gov.ph,,,,
105856,Concepcion West Elementary School,I,Zaragoza,105856@deped.gov.ph,,,,
105857,Don Cirilo B. Acosta Elementary School,I,Zaragoza,105857@deped.gov.ph,,,,
105858,F.B. Mesina Elementary School,I,Zaragoza,105858@deped.gov.ph,,,,
159016,Felicidad V. Buendia Elementary School,I,Zaragoza,159016@deped.gov.ph,,,,
105859,Gen. Luna Elementary School,I,Zaragoza,105859@deped.gov.ph,,,,
137194,H. Romero Elementary School,I,Zaragoza,137194@deped.gov.ph,,,,
159010,Manaol Elementary School,I,Zaragoza,159010@deped.gov.ph,,,,
105860,Mayamot Elementary School,I,Zaragoza,105860@deped.gov.ph,,,,
105861,San Isidro Elementary School,I,Zaragoza,105861@deped.gov.ph,,,,
105862,Sta. Cruz Elementary School,I,Zaragoza,105862@deped.gov.ph,,,,
502882,Sta. Lucia (O) Integrated School,I,Zaragoza,502882@deped.gov.ph,,,,
105864,Sta. Lucia (Y) Elementary School,I,Zaragoza,105864@deped.gov.ph,,,,
105865,Sto. Rosario (Y) Elementary School,I,Zaragoza,105865@deped.gov.ph,,,,
105866,Zaragoza Central School,I,Zaragoza,105866@deped.gov.ph,,,,
300788,Batitang National High School,I,Zaragoza,300788@deped.gov.ph,,,,
300796,Carmen National High School,I,Zaragoza,300796@deped.gov.ph,,,,
306826,Emilia Belmonte Acosta National High Shool,I,Zaragoza,306826@deped.gov.ph,,,,
300871,Zaragoza National High School,I,Zaragoza,300871@deped.gov.ph,,,,
,Zaragoza District Office,I,Zaragoza,,,,,
502882,Sta. Lucia (O) Integrated School,I,Zaragoza,502882@deped.gov.ph,,,,
300788,Batitang National High School,I,Zaragoza,300788@deped.gov.ph,,,,
300796,Carmen National High School,I,Zaragoza,300796@deped.gov.ph,,,,
306826,Emilia Belmonte Acosta National High Shool,I,Zaragoza,306826@deped.gov.ph,,,,
300871,Zaragoza National High School,I,Zaragoza,300871@deped.gov.ph,,,,
,OFFICE OF THE SDS,SDO,OSDS,nueva.ecija@deped.gov.ph,,,,
,OFFICE OF THE ASDS,SDO,OSDS,,,,,
,OFFICE OF THE ASDS,SDO,OSDS,,,,,
,ADMIN SERVICES,SDO,OSDS,admin.nuevaecija@deped.gov.ph,,,,
,PERSONNEL SECTION,SDO,OSDS,personnel.nuevaecija@deped.gov.ph,,,,
,CASH SECTION,SDO,OSDS,cash.nuevaecija@deped.gov.ph,,,,
,RECORDS SECTION,SDO,OSDS,records.nuevaecija@deped.gov.ph,,,,
,SUPPLY SECTION,SDO,OSDS,amu.nuevaecija@deped.gov.ph,,,,
,PROCUREMENT SECTION,SDO,OSDS,bac.nuevaecija@deped.gov.ph,,,,
,PAYROLL SERVICES SECTION,SDO,OSDS,payroll.nuevaecija@deped.gov.ph,,,,
,ICT UNIT,SDO,OSDS,ictu.nuevaecija@deped.gov.ph,,,,
,ACCOUNTING UNIT,SDO,OSDS,accounting.nuevaecija@deped.gov.ph,,,,
,BUDGET UNIT,SDO,OSDS,budget.nuevaecija@deped.gov.ph,,,,
,LEGAL SERVICES,SDO,OSDS,legal.nuevaecija@deped.gov.ph,,,,
,OFFICE OF THE CID CHIEF,SDO,CID,cid.nuevaecija@deped.gov.ph,,,,
,ALTERNATIVE LEARNING SYSTEM (ALS),SDO,CID,als.nuevaecija@deped.gov.ph,,,,
,LEARNING RESOURCE MANAGEMENT & DEVELOPMENT SYSTEM (LRMDS),SDO,CID,lrmds.nuevaecija@deped,,,,
,OFFICE OF THE SGOD CHIEF,SDO,SGOD,sgod.nuevaecija@deped.gov.ph,,,,
,YOUTH FORMATION,SDO,SGOD,youthformation.nuevaecija@deped.gov.ph,,,,
,HUMAN RESOURCE DIVISION (HRD),SDO,SGOD,hrd.nuevaecija@deped.gov.ph,,,,
,SCHOOL MANAGEMENT MONITORING AND EVALUATION (SMME),SDO,SGOD,smme.nuevaecija@deped.gov.ph,,,,
,SOCIAL MOBILIZATION AND NETWORKING (SOCMOB),SDO,SGOD,socmob.nuevaecija@deped.gov.ph,,,,
,PLANNING,SDO,SGOD,planning.nuevaecija@deped.gov.ph,,,,
,RESEARCH,SDO,SGOD,research.nuevaecija@deped.gov.ph,,,,
,DISASTER RISK REDUCTION AND MANAGEMENT (DRRM),SDO,SGOD,drrm.nuevaecija@deped.gov.ph,,,,
,PRIVATE SCHOOLS COORDINATOR,SDO,SGOD,privateschools.nuevaecija@deped.gov.ph,,,,
,EDUCATION FACILITIES,SDO,SGOD,ef.nuevaecija@deped.gov.ph,,,,
,HEALTH AND NUTRITION – Medical,SDO,SGOD,medical.nuevaecija@deped.gov.ph,,,,
,HEALTH AND NUTRITION – Dental,SDO,SGOD,dental.nuevaecija@deped.gov.ph,,,,
,,,,,,,,
,,,,,,,,
,,,,,,,,
,,,,,,,,
,,,,,,,,
,,,,,,,,
,,,,,,,,
,,,,,,,,
,,,,,,,,
